0,1,2,3,4,5,6,7,8,9,10,11,12,13,14,15,16,17,18,19,20,21,22,23,24,25,26,27,28,29,30,31,32,33,34,35,36,37,38,39,40,41,42,43,44,45,46,47,48,49,50,51,52,53,54,55,56,57,58,59,60,61,62,63,64,65,66,67,68,69,70,71,72,73,74,75,76,77,78,79,80,81,82,83,84,85,86,87,88,89,90,91,92,93,94,95,96,97,98,99,100,101,102,103,104,105,106,107,108,109,110,111,112,113,114,115,116,117,118,119,120,121,122,123,124,125,126,127,128,129,130,131,132,133,134,135,136,137,138,139,140,141,142,143,144,145,146,147,148,149,150,151,152,153,154,155,156,157,158,159,160,161,162,163,164,165,166,167,168,169,170,171,172,173,174,175,176,177,178,179,180
15.003,43.607,40.685,63.814,43.633,40.091,45.794,34.153,41.901,44.436,40.835,12.52,14.54,15.63,7.709,16.865,11.396,5.726,8.664,5.2,5.119,2.118,6.207,0.771,1.359,0.115,0.121,0.869,0.702,0.611,1.585,0.044,0.987,0.729,3.449,0.749,0.702,0.624,0.732,2.185,0.85,0.808,2.32,0.442,0.486,1.035,3.813,2.916,0.994,1.833,1.62,1.551,5.577,8.864,11.833,7.302,12.562,1.984,6.331,10.02,8.288,2.872,7.934,8.363,7.34,7.646,6.568,9.893,8.591,3.958,4.737,1.849,2.94,3.267,6.333,10.637,10.503,15.743,11.696,10.02,8.124,9.234,14.323,14.604,14.058,17.931,15.622,9.411,6.285,8.725,15.917,13.96,2.929,10.717,7.358,8.455,7.888,11.709,9.413,12.959,17.915,12.667,19.787,20.096,15.822,14.204,11.741,15.059,13.99,14.575,14.297,16.154,11.843,13.584,10.371,9.291,8.024,6.295,3.061,13.347,14.293,13.949,13.303,10.068,17.861,11.482,9.684,8.685,11.947,13.794,16.546,12.752,18.885,12.262,14.04,16.78,19.27,25.318,20.11,28.69,21.551,21.742,22.97,25.005,31.514,32.411,35.664,32.964,38.684,39.816,32.448,36.581,33.611,38.185,38.841,42.981,38.662,43.869,43.129,42.64,41.32,44.595,43.308,57.693,55.891,52.332,52.359,46.585,42.249,38.951,31.456,34.769,32.904,21.088,36.504,29.008,23.545,29.324,19.942,21.468,15.003
38.895,17.288,28.066,48.423,37.462,33.013,36.495,31.1,40.456,48.979,36.435,6.827,10.856,25.467,6.996,27.711,16.533,9.922,14.795,8.158,9.073,5.705,6.313,1.937,4.864,1.57,0.361,1.653,0.594,1.381,1.753,0.931,1.992,1.005,3.176,1.062,1.625,0.98,2.177,4.659,2.445,4.386,0.184,2.624,0.702,2.049,3.81,2.421,0.097,3.592,2.676,1.157,3.07,4.166,12.318,6.075,6.667,3.416,1.475,1.954,2.42,1.621,5.299,3.88,0.794,3.348,3.155,3.456,2.674,0.427,0.041,0.054,0.532,0.0,1.366,6.075,2.481,18.151,14.828,9.524,9.706,6.402,7.003,7.523,9.884,14.365,7.218,5.382,8.645,2.427,4.836,10.949,2.54,3.654,1.054,2.813,7.051,7.548,9.717,9.742,12.71,9.206,10.257,13.747,14.317,10.688,13.822,14.578,12.606,14.935,12.784,14.607,10.756,10.849,8.363,9.465,5.697,3.18,0.932,10.725,12.378,11.739,8.519,10.822,8.068,10.203,6.171,7.152,10.591,8.29,7.395,10.221,12.711,9.349,16.303,12.405,13.543,17.644,15.348,16.718,12.365,12.303,14.37,17.399,11.995,22.326,25.624,25.089,24.362,26.847,23.353,23.154,27.792,28.282,24.992,27.005,28.709,31.083,28.713,31.068,33.452,31.127,37.76,44.944,49.521,44.068,46.61,52.093,59.611,53.296,52.402,57.347,45.547,46.659,60.718,53.379,49.614,48.911,44.452,37.917,38.895
33.425,12.901,15.481,30.08,21.79,24.75,23.564,21.7,30.719,41.653,29.28,7.898,8.368,18.71,5.655,29.868,16.917,16.358,15.124,9.986,14.882,11.023,5.911,6.807,2.854,5.314,0.503,2.778,2.459,2.516,0.46,2.184,2.854,3.535,4.471,3.818,1.345,0.907,4.791,3.69,3.213,6.198,1.741,3.341,0.944,1.948,2.958,1.407,0.375,4.128,3.207,2.156,4.906,4.189,14.935,8.395,8.418,4.056,3.384,5.743,3.167,2.552,5.068,4.354,1.557,4.478,5.754,3.967,2.704,1.058,2.865,2.685,0.042,0.125,1.062,3.844,0.775,15.945,10.979,13.14,11.45,2.943,1.143,4.609,3.915,8.829,3.592,1.727,0.787,2.111,3.361,7.067,0.0,1.922,0.27,1.845,4.362,4.587,4.818,4.685,7.009,3.866,6.112,5.277,7.766,4.11,8.031,7.113,3.773,7.499,4.781,5.696,2.027,2.472,1.092,5.517,3.588,0.093,0.859,9.044,9.205,9.402,6.783,10.279,6.674,5.896,7.375,8.091,10.808,8.237,3.885,9.18,9.699,13.897,13.697,17.507,11.506,15.171,11.169,13.377,8.444,15.818,11.895,10.212,15.83,19.467,16.127,14.837,15.477,19.922,20.361,19.116,18.727,15.996,18.431,15.315,18.103,17.588,17.451,23.295,25.605,22.217,24.902,26.333,27.867,26.271,23.913,26.099,38.171,37.1,37.159,40.599,35.34,42.085,50.896,42.503,39.224,32.891,36.978,33.315,33.425
15.966,19.856,26.494,22.421,20.773,16.581,15.549,20.05,28.298,28.643,21.789,6.766,9.523,12.187,3.303,30.558,16.829,16.868,6.003,10.243,12.898,8.235,5.334,5.656,3.086,1.885,0.961,1.678,2.446,1.298,1.845,2.777,6.422,3.547,6.662,3.212,3.696,1.258,8.756,3.869,2.499,4.297,2.018,2.209,2.612,3.184,1.715,3.253,1.396,4.615,4.452,6.612,5.502,3.291,11.394,14.366,11.762,8.474,5.105,11.416,9.455,8.815,11.943,7.36,7.644,11.261,17.167,9.723,7.344,5.827,10.364,4.843,3.119,3.191,2.878,5.389,3.185,16.148,12.515,8.328,9.994,1.544,3.251,3.693,3.007,5.869,6.468,3.047,0.64,1.963,1.032,6.076,0.366,3.426,0.652,0.038,0.437,1.872,1.0,0.489,2.531,1.617,3.381,2.615,1.006,1.913,2.003,1.39,0.873,1.694,0.038,0.0,0.038,0.023,0.0,0.166,0.307,0.0,0.03,0.686,3.923,3.893,0.537,3.223,4.351,4.303,1.174,2.683,3.201,4.861,1.694,2.921,4.173,4.68,6.353,5.498,7.774,10.035,6.609,6.156,1.063,8.151,9.262,5.538,10.578,10.197,9.468,7.117,11.681,13.743,12.159,15.304,13.397,17.102,14.301,15.828,16.172,11.813,19.97,16.339,17.673,19.129,17.101,17.873,22.94,10.144,10.225,16.836,14.189,18.916,17.279,27.985,13.397,19.737,19.172,20.417,19.829,16.341,13.296,16.56,15.966
9.703,25.768,26.258,28.901,28.411,26.051,25.123,32.559,43.638,40.131,24.065,12.943,13.086,9.507,7.357,28.659,17.671,13.468,7.675,7.328,6.937,5.483,3.656,5.227,3.756,0.533,1.129,1.068,1.585,0.56,0.864,1.144,2.419,2.358,1.67,2.504,3.781,0.859,6.027,1.752,2.331,0.605,3.496,2.063,2.251,1.175,2.657,2.08,1.352,2.366,5.781,3.545,4.592,4.237,12.07,12.611,13.375,10.805,10.36,11.916,14.57,15.901,16.323,10.275,10.88,15.372,17.654,16.256,17.801,12.147,12.673,8.292,11.233,9.176,4.859,9.943,13.639,19.32,16.829,14.435,12.381,7.541,11.812,12.297,9.44,10.773,11.988,10.032,7.029,6.432,9.143,9.152,3.165,6.405,3.178,3.144,2.04,5.624,5.275,4.497,5.02,3.46,4.509,6.515,2.035,0.984,1.066,0.957,5.791,2.751,1.264,0.331,0.317,1.505,0.423,0.357,0.049,0.868,0.174,0.041,0.757,0.316,1.192,4.34,4.9,1.803,0.012,2.115,0.982,0.232,0.228,0.0,0.457,0.228,0.076,0.389,4.818,3.354,0.609,1.142,0.645,0.361,1.827,1.007,1.636,3.746,1.13,0.381,4.003,4.038,4.383,4.353,7.565,7.964,3.753,7.351,8.048,4.912,7.178,7.462,13.209,12.877,11.404,12.517,16.126,10.709,9.836,7.163,3.385,6.147,7.179,13.811,4.369,10.461,9.932,7.316,8.21,8.813,9.129,12.043,9.703
12.236,32.425,27.978,26.514,26.686,41.489,38.215,35.009,50.992,48.325,28.485,16.863,17.627,13.442,14.509,38.575,20.314,20.323,16.279,9.578,12.218,15.833,8.995,9.314,0.548,0.301,0.652,0.972,1.285,1.53,0.387,0.938,0.747,1.894,3.069,3.245,2.668,0.299,2.329,2.452,1.842,0.402,0.931,0.335,1.1,0.0,0.603,1.045,0.928,0.283,5.414,3.761,4.276,4.041,6.589,8.232,13.959,7.967,5.321,6.176,13.724,10.16,14.425,13.438,11.912,18.168,16.453,22.027,22.22,16.769,16.27,16.906,15.129,15.599,7.76,16.011,14.607,18.769,19.209,23.472,19.269,10.049,15.342,13.8,20.083,18.725,15.999,10.496,14.56,13.649,15.452,19.088,13.802,15.262,10.232,10.855,10.225,13.992,18.323,16.319,14.844,15.1,18.933,16.696,13.018,6.939,15.37,11.253,14.581,18.03,10.36,9.476,8.67,9.892,5.383,8.807,2.962,3.086,3.936,3.506,3.336,5.019,4.942,8.789,11.145,7.284,1.616,5.595,4.663,1.889,0.392,0.024,0.214,0.33,0.543,2.201,2.07,3.622,0.531,0.209,0.504,0.306,0.0,0.831,0.244,0.445,0.18,0.146,0.318,0.85,0.367,0.42,0.624,2.306,0.445,5.16,1.541,3.298,2.716,3.807,3.185,5.648,6.632,6.434,7.518,3.415,0.675,1.558,0.907,3.072,0.604,6.359,3.72,5.785,4.392,1.842,7.153,9.099,9.453,11.154,12.236
6.242,27.143,26.974,34.953,29.181,41.022,38.598,41.063,49.23,32.172,27.563,21.082,16.473,9.209,11.587,41.203,19.335,15.809,20.949,16.607,19.72,25.669,22.25,14.093,2.478,1.159,3.499,2.959,1.022,1.373,1.057,0.436,3.152,4.875,3.242,4.019,2.623,2.348,3.956,3.624,3.945,0.82,3.851,2.872,2.936,0.658,0.384,2.165,4.551,0.016,4.962,4.015,5.793,2.807,6.407,3.789,7.008,1.605,0.748,3.849,4.854,6.345,5.614,4.226,9.945,12.867,10.946,15.225,16.296,18.25,15.568,11.574,12.515,13.945,8.571,14.445,11.175,13.645,20.309,18.072,13.282,12.935,15.029,16.968,19.469,16.864,14.823,14.785,21.148,13.637,15.806,18.084,18.068,14.442,20.986,20.758,23.074,19.751,31.365,28.248,28.259,28.126,28.839,30.668,26.195,19.464,27.434,23.194,25.657,32.765,27.422,28.864,26.118,27.398,14.635,16.795,7.007,10.989,14.961,16.138,15.813,14.786,19.943,15.202,19.034,16.151,10.54,6.224,9.301,6.597,1.651,2.653,3.267,4.702,0.97,6.105,5.625,9.786,4.389,3.252,2.204,2.116,3.322,8.078,4.301,6.97,3.594,3.275,1.062,2.72,1.54,1.811,0.965,3.89,1.177,4.346,3.758,4.76,4.623,6.503,4.507,5.526,8.874,4.82,7.161,5.793,3.661,3.725,0.17,0.123,0.4,1.374,1.282,1.747,1.226,1.343,5.982,2.969,1.023,5.63,6.242
4.547,11.276,16.009,21.228,25.16,30.259,35.656,39.66,47.78,31.574,31.103,12.194,15.017,3.636,3.247,30.956,13.327,11.577,16.064,10.249,14.063,21.165,23.199,12.239,1.586,0.715,0.788,1.813,1.0,2.956,0.299,0.0005469,1.649,4.54,3.022,6.272,2.783,1.558,4.927,5.042,8.949,5.567,7.39,10.2,9.405,7.382,7.27,4.275,4.592,1.153,8.954,7.381,13.633,5.71,8.472,8.629,5.927,4.386,1.737,4.405,6.181,5.669,4.964,5.041,5.98,13.711,8.593,7.244,10.159,8.402,10.893,4.28,7.315,8.25,6.349,7.183,7.11,9.257,9.884,10.589,5.298,6.332,10.014,10.484,10.057,14.559,12.857,8.944,16.855,5.937,13.698,15.791,11.98,22.934,19.732,12.741,20.85,21.964,28.071,28.847,28.77,27.454,29.766,34.607,27.614,24.42,35.392,29.684,34.419,39.664,41.633,44.79,39.816,35.505,17.956,13.692,15.954,18.156,24.812,26.063,21.211,24.215,24.75,24.957,20.85,15.87,18.176,8.997,12.088,9.756,5.396,9.249,7.994,7.413,3.999,8.806,10.509,11.409,5.241,7.603,8.599,6.707,9.973,14.125,12.449,14.529,10.216,12.938,6.879,6.664,7.505,6.338,7.353,6.427,6.195,9.038,8.43,8.164,13.247,11.051,8.587,10.071,12.827,9.11,6.925,11.085,6.401,6.959,6.159,1.205,1.454,1.645,0.345,1.014,0.493,0.955,2.695,0.988,0.026,2.787,4.547
4.372,2.441,5.05,4.402,16.557,18.667,18.458,33.779,42.507,36.015,34.142,13.626,10.852,2.467,0.335,30.836,8.423,3.091,7.192,2.823,4.817,8.842,10.113,4.624,1.779,1.204,0.523,1.855,1.631,3.499,0.689,0.089,1.514,1.691,1.03,4.383,2.263,0.331,3.666,5.69,6.796,5.978,5.763,6.729,12.904,9.844,9.73,8.333,10.997,9.54,16.515,17.872,21.192,17.794,18.5,19.992,11.704,12.497,12.754,10.256,16.444,12.343,9.578,6.885,10.657,10.709,13.702,6.198,11.129,8.351,6.371,8.217,2.432,6.53,6.532,2.963,4.436,3.73,3.971,0.96,0.627,0.337,2.525,4.429,2.038,2.211,2.141,3.953,4.961,1.688,5.393,5.297,7.377,12.166,7.291,4.003,15.493,12.49,18.986,15.609,12.738,21.319,21.068,21.905,22.69,20.441,26.247,23.337,32.991,30.092,37.082,39.096,39.248,27.446,20.009,16.0,13.926,19.713,23.091,27.75,26.754,27.754,28.622,27.871,30.048,22.083,24.787,15.37,21.287,19.372,16.175,12.994,17.636,12.948,14.304,20.431,21.07,23.197,16.352,24.358,20.411,18.251,18.626,19.765,21.861,27.223,25.601,22.124,14.167,16.6,11.211,11.167,10.584,13.388,10.516,12.549,10.112,13.353,9.503,10.599,10.403,10.881,11.16,8.524,8.934,10.92,8.913,7.487,11.142,2.213,1.301,2.67,2.461,1.098,1.793,2.478,3.204,1.412,0.577,5.346,4.372
2.792,0.053,0.318,0.583,1.995,3.029,3.78,12.318,21.278,37.64,21.126,5.7,2.767,0.115,0.726,22.193,5.466,2.012,7.256,5.915,1.311,2.018,6.739,2.934,1.14,1.257,1.683,2.955,1.045,1.793,0.132,0.285,2.422,0.3,0.022,1.237,0.319,0.492,0.054,4.19,0.466,4.599,3.824,3.858,11.842,7.672,6.677,9.778,11.428,9.984,17.194,12.848,19.622,23.61,27.156,28.475,18.863,20.234,21.449,22.761,28.349,19.855,20.579,19.157,17.545,18.6,20.997,9.747,14.664,14.078,16.01,11.895,8.716,10.617,8.159,9.253,6.826,7.02,1.221,1.767,1.058,0.759,1.099,0.511,0.778,0.651,0.625,0.337,0.214,0.0,0.19,0.577,1.786,2.894,2.034,1.82,5.306,6.798,3.77,2.745,0.639,4.542,6.862,5.739,10.046,4.936,11.342,9.594,13.214,12.636,20.17,18.428,21.964,16.642,14.376,13.581,10.642,16.474,13.722,20.855,21.772,20.96,23.024,24.663,30.369,22.614,25.462,21.679,26.926,24.486,21.153,18.163,25.921,17.624,19.529,26.99,23.064,27.09,22.267,29.451,26.088,26.662,28.205,28.352,27.639,34.173,35.905,28.537,20.67,30.768,21.866,20.152,20.296,19.779,17.528,10.85,16.293,19.261,9.067,8.521,10.73,11.611,12.404,11.406,9.421,11.521,7.484,10.456,14.681,4.251,3.844,4.699,5.727,4.34,4.184,5.095,4.167,1.885,1.786,1.845,2.792
8.903,0.0,0.0,0.0,0.007,0.245,0.0,1.796,6.282,22.883,9.024,2.223,0.111,0.0,0.0,13.188,1.887,0.0,5.779,3.06,0.362,2.913,3.663,0.521,0.02,0.043,0.549,0.482,0.018,1.001,0.125,0.005,0.176,0.177,0.021,2.049,0.722,0.005,0.0,1.234,0.0,0.349,0.291,0.018,4.99,2.826,5.945,2.408,4.764,6.904,9.39,6.315,15.211,17.067,18.047,21.724,14.345,19.011,23.578,22.596,24.949,26.252,25.894,25.009,27.801,26.479,25.402,17.961,19.924,16.246,20.14,18.951,11.388,16.194,15.902,15.638,14.088,14.066,3.685,0.794,3.598,3.735,4.211,1.285,3.727,1.462,1.113,0.581,2.367,0.322,0.733,1.663,0.708,1.567,1.828,1.021,2.04,2.325,0.418,0.306,0.299,0.022,0.448,0.997,1.594,0.222,1.847,1.086,2.929,2.103,5.801,2.942,8.529,6.805,4.446,5.442,2.726,6.048,3.109,10.17,7.966,11.622,10.556,9.571,13.361,12.642,12.425,13.047,14.212,12.799,9.917,14.168,16.951,14.857,9.971,18.423,15.986,15.695,12.855,16.722,18.468,18.841,20.204,19.344,20.4,22.992,26.996,23.095,22.282,30.801,27.588,22.274,24.91,22.644,13.12,13.451,15.666,22.406,12.154,12.828,8.3,12.72,9.999,9.717,12.493,16.73,10.409,16.343,11.536,7.53,9.311,10.93,15.053,11.398,8.692,11.764,6.064,5.257,8.309,8.716,8.903
9.863,0.0,0.0,0.0,0.0,0.008,0.0,0.071,1.703,4.166,1.561,0.037,0.0,0.0,0.0,9.094,0.094,0.062,1.35,3.922,1.285,3.248,5.568,0.161,0.0,0.0,0.0,0.0,0.0,0.116,0.0,0.0,0.0,0.0,0.0,0.372,0.116,0.0,0.0,0.434,0.0,0.214,0.26,0.0,0.929,1.394,0.658,2.162,0.71,3.162,5.419,1.902,4.326,5.17,6.274,6.266,6.864,14.847,14.333,12.567,9.485,8.937,16.431,15.722,23.563,21.239,24.591,19.017,16.718,10.978,19.855,19.457,12.856,21.865,16.849,18.178,17.864,15.078,8.407,5.35,6.939,4.544,8.636,5.181,5.563,5.538,4.734,3.184,2.285,2.517,1.133,5.226,1.328,4.268,5.59,3.884,5.249,3.735,1.727,1.945,1.777,0.439,0.622,0.367,3.046,0.538,1.458,0.94,4.269,1.467,4.481,2.086,4.191,1.309,1.405,3.349,0.601,2.21,2.449,3.048,3.115,1.975,2.058,1.684,1.524,2.466,1.402,3.979,2.696,1.206,2.549,1.897,5.338,1.607,1.255,4.132,4.735,3.576,3.827,4.792,6.266,6.124,2.037,5.728,4.403,9.432,11.178,7.33,7.847,13.442,10.879,9.241,9.621,15.641,5.085,5.873,7.428,8.83,10.676,8.013,5.63,9.1,6.279,11.184,9.175,8.006,9.588,16.362,16.824,9.24,9.247,8.056,11.244,11.286,9.271,7.506,5.881,2.539,7.063,5.349,9.863
3.244,0.0,0.0,0.0,0.0,2.529,0.0,0.0,0.0,0.042,0.269,0.0,0.0,0.0,0.0,2.013,0.542,0.513,0.501,2.265,0.48,8.86,5.752,1.408,0.0,0.0,0.0,0.0,0.0,0.0,0.0,0.0,0.167,0.0,0.49,0.0,0.0,0.0,0.123,0.978,0.418,0.0,0.746,0.42,2.474,0.631,0.0,1.059,0.6,1.315,1.514,0.837,2.192,2.292,1.575,0.944,1.316,4.317,3.22,1.787,1.427,1.451,4.391,4.943,8.507,8.466,8.325,9.463,5.157,3.521,9.848,9.664,12.129,15.907,15.222,10.962,17.727,9.873,8.678,6.531,7.532,4.999,8.137,8.14,6.3,8.235,8.255,2.863,4.331,4.107,2.72,5.857,3.54,8.999,8.932,6.307,8.219,6.011,4.812,4.627,3.973,3.293,2.002,3.124,3.154,3.343,6.281,2.788,9.234,11.028,11.848,6.754,11.814,9.365,4.055,5.074,4.656,5.719,4.354,4.165,8.981,5.024,5.176,3.836,7.54,6.614,3.544,8.293,4.927,3.867,3.362,5.207,2.601,2.681,2.358,5.41,5.031,3.995,2.326,3.643,3.872,4.706,2.465,2.326,2.403,3.619,3.052,1.03,2.312,4.211,3.377,1.756,1.436,3.271,1.069,0.292,1.058,1.833,2.288,1.134,0.71,2.535,2.021,2.508,5.651,5.065,2.622,8.033,7.476,3.584,3.967,3.142,4.871,6.643,3.666,3.36,2.297,1.28,3.746,1.539,3.244
1.64,0.751,1.697,0.111,0.0,1.604,0.607,0.044,0.0,1.301,2.31,0.0,0.0,0.0,0.0,0.553,0.0,1.021,0.838,0.79,0.0,2.926,2.173,1.037,0.0,0.0,0.0,0.0,0.0,0.0,0.0,0.0,0.614,0.0,0.025,0.0,0.0,0.0,0.687,3.578,1.593,0.176,4.075,5.56,5.496,2.434,0.718,0.492,2.48,2.626,3.024,3.066,4.373,2.831,3.03,1.023,4.782,2.375,2.792,1.046,1.079,1.254,3.096,0.223,3.746,2.149,2.974,2.033,1.271,2.945,3.942,4.563,1.852,6.59,7.34,3.836,4.599,3.853,2.335,0.976,1.715,0.921,2.369,1.176,2.865,1.469,3.833,4.866,1.015,3.671,0.772,1.455,2.791,6.198,6.488,3.762,6.605,5.836,5.214,5.407,0.685,4.965,3.424,2.744,1.899,3.505,5.458,5.123,11.405,12.678,13.554,7.185,10.357,10.296,3.492,8.376,6.691,11.9,10.735,9.913,12.505,9.967,9.922,10.343,16.264,8.456,11.784,19.387,12.611,13.087,12.657,9.298,10.047,6.177,11.088,10.139,12.676,15.714,8.453,9.875,10.094,17.559,10.692,10.907,12.839,13.644,7.889,6.284,9.012,9.337,10.446,4.901,5.477,2.99,1.184,0.137,2.669,3.845,0.268,0.255,1.176,0.656,0.704,0.859,1.206,0.996,0.279,2.157,1.289,1.14,1.164,1.177,0.789,1.545,1.649,1.573,1.382,2.465,1.149,1.918,1.64
1.959,8.899,6.899,5.877,5.543,5.145,1.231,0.886,0.0,4.01,3.241,0.0,0.0,0.0,0.0,0.006,0.0,0.171,0.012,2.82,0.0,0.158,1.899,0.096,0.0,0.0,0.0,0.0,0.233,0.0,0.085,0.085,0.085,0.0,0.0,0.0003983,0.042,0.0,1.614,0.811,0.168,2.017,2.784,6.862,2.699,7.01,6.432,3.575,4.816,5.554,6.7,6.809,17.151,15.195,13.172,9.663,11.003,8.948,9.672,7.294,8.875,7.406,5.569,0.768,3.353,8.074,1.603,1.893,2.448,3.134,0.835,1.268,1.391,1.219,0.496,0.746,1.304,1.239,0.035,0.423,0.0,0.824,0.991,0.014,0.0,0.407,1.458,3.235,0.093,0.803,0.175,0.028,1.36,1.365,1.684,2.852,1.877,2.328,1.273,2.077,0.423,1.342,0.983,3.877,0.035,3.447,2.111,2.885,3.723,3.257,2.545,4.236,3.106,5.87,2.842,2.577,3.622,5.509,3.816,5.867,5.752,3.85,6.502,5.42,13.547,6.919,7.02,14.747,5.528,12.504,8.842,10.278,8.233,7.042,12.266,7.973,10.741,16.169,6.083,9.595,7.618,21.042,10.067,11.376,13.723,18.689,19.906,12.287,15.182,20.965,23.433,11.672,10.707,9.504,6.574,1.92,7.63,8.978,5.607,4.012,9.397,1.547,4.293,4.898,4.543,7.786,2.315,2.665,1.936,2.335,0.564,1.293,3.741,1.159,0.524,2.091,1.636,2.599,0.696,0.557,1.959
9.287,17.273,16.139,21.902,11.054,19.047,11.908,9.882,1.362,8.575,8.139,0.0,0.0,0.0,0.0,0.0,0.0,0.175,0.0,2.766,0.0,0.0,0.44,0.058,0.0,0.0,0.0,0.983,0.642,0.0,0.233,0.99,0.029,1.059,0.0,0.151,0.117,0.0,0.247,0.118,0.13,4.095,0.747,2.935,4.685,7.026,11.216,4.251,6.351,6.358,5.35,5.601,22.225,19.977,16.356,19.771,12.749,15.948,16.131,16.955,21.533,17.413,15.51,9.807,11.569,20.181,13.74,16.659,10.503,11.401,9.127,4.819,4.342,1.831,1.162,0.139,0.463,0.339,0.298,0.26,0.0,0.551,0.0002406,0.315,0.0,0.185,0.0002646,4.55,0.046,0.115,0.0,0.596,0.0003608,0.074,0.019,0.922,0.602,0.417,7.217e-05,0.463,0.0001203,0.0,0.445,0.741,0.0,0.879,0.047,0.288,0.000842,0.463,0.0006255,1.277,0.37,1.355,1.568,0.37,0.817,1.133,0.0006736,1.111,1.327,1.233,1.478,0.936,2.143,0.689,1.615,2.243,2.382,4.564,3.61,2.722,1.909,3.309,3.543,4.158,2.979,2.799,6.011,1.763,7.824,6.331,3.266,2.933,5.42,7.952,10.825,10.315,12.152,14.608,15.349,8.733,8.793,8.887,10.709,7.417,6.016,11.796,11.139,7.504,14.844,10.846,16.861,16.823,22.428,18.061,14.255,20.568,17.21,8.861,10.293,9.932,13.67,10.717,10.472,14.335,6.326,6.08,8.184,9.618,9.287
24.842,26.875,25.547,30.579,15.272,22.68,22.544,20.804,12.705,20.008,18.118,1.453,0.394,0.098,0.148,0.443,0.0,0.406,0.0,1.559,0.426,0.638,2.315,1.179,1.306,1.266,1.487,1.526,1.143,0.61,2.024,1.895,0.781,1.36,1.648,2.743,2.002,0.694,0.998,0.555,1.663,6.081,3.108,3.599,3.177,6.27,12.644,1.015,3.024,2.773,2.525,2.196,16.947,21.377,15.606,20.157,14.384,24.823,13.818,19.12,28.118,24.593,25.676,12.554,19.752,26.166,17.822,20.76,24.769,20.694,18.846,9.799,3.863,5.731,0.777,0.864,0.934,0.561,0.734,1.4,1.443,0.028,0.442,1.947,0.567,0.982,0.12,3.602,0.342,0.0,0.315,0.178,0.0,0.901,0.553,0.864,0.0,0.137,0.0,0.836,0.0,0.0,0.013,0.0,0.0,0.0,0.246,0.344,0.0,0.023,0.0,0.481,0.262,0.187,0.699,0.0,0.076,0.122,0.0,0.0,0.063,0.076,0.113,0.285,0.283,0.0,0.131,0.128,0.326,1.692,0.521,0.447,0.431,0.419,0.269,0.411,0.388,0.346,0.895,0.264,0.95,0.874,0.55,0.692,0.932,2.456,0.855,2.249,2.799,3.758,4.129,3.583,2.922,1.714,3.704,2.592,1.877,4.412,5.589,4.064,5.402,3.881,8.27,11.434,15.859,15.086,15.474,22.209,20.125,14.256,14.865,13.245,13.77,16.093,21.65,24.755,13.616,14.506,17.894,21.675,24.842
11.948,23.333,32.29,34.116,19.153,27.071,25.412,26.747,21.961,30.421,27.332,10.669,2.188,0.814,0.411,1.686,0.282,0.598,0.46,0.967,0.679,0.29,0.653,2.866,2.658,2.988,4.791,2.375,0.789,1.265,3.959,3.395,1.774,4.07,4.886,7.098,5.125,2.537,1.142,3.252,4.912,7.878,4.803,8.817,7.565,9.339,16.035,2.878,4.831,1.583,8.279,6.313,18.088,23.721,12.293,19.96,13.89,20.639,12.385,18.937,30.055,30.803,30.241,14.43,25.814,24.811,17.717,18.874,31.153,26.897,24.114,16.974,6.987,8.007,1.937,2.772,1.319,1.471,0.736,2.895,2.071,0.259,1.633,1.268,0.362,0.812,0.708,1.386,0.765,0.468,1.412,0.656,0.62,0.818,1.691,0.606,0.068,0.629,0.094,1.022,0.0,0.153,0.0,0.115,0.0,0.0,0.294,0.035,0.0,0.25,0.0,0.403,1.133,0.118,0.0,0.224,0.0,0.0,0.035,0.706,0.0,0.0,0.547,1.176,0.024,0.034,0.315,0.294,0.305,1.791,1.723,3.357,2.942,1.698,0.0,0.057,0.035,0.35,0.448,0.812,2.599,1.286,1.289,1.315,0.083,0.173,1.875,1.029,0.307,1.536,0.645,5.317,0.038,0.282,1.086,1.307,0.326,2.368,1.829,0.561,1.069,0.0,0.282,4.789,4.775,4.505,7.585,7.0,6.186,8.355,4.484,7.705,4.219,7.747,9.557,10.795,6.436,8.871,10.125,12.02,11.948
3.794,13.232,25.829,22.521,19.531,28.295,32.183,27.334,23.62,34.64,33.381,15.122,1.499,0.089,2.183,1.273,0.918,2.906,1.804,5.348,2.479,3.322,2.504,2.428,2.658,1.201,3.008,1.604,0.325,1.69,4.363,2.873,2.729,2.644,4.188,10.861,4.717,4.638,1.82,4.442,4.135,7.644,6.694,7.586,8.716,11.288,11.56,4.523,3.607,2.63,8.305,3.497,17.498,15.632,10.764,19.842,13.585,13.711,10.056,15.114,19.312,29.11,28.757,24.289,23.094,16.254,17.607,24.663,28.069,27.61,32.05,29.561,6.057,4.911,1.987,0.975,2.598,1.092,1.557,3.936,1.043,0.767,0.387,0.455,0.0,0.518,0.445,1.72,1.767,0.071,0.195,1.543,2.089,1.817,0.61,1.464,0.0,0.578,0.901,0.0,0.0,1.804,0.0,0.761,0.0,0.0,0.0,0.338,0.0,0.006,0.0,1.47,0.647,0.0,0.0,2.14,0.0,0.0,0.338,1.875,0.0,0.0,1.88,0.849,0.225,0.0,0.534,1.268,0.849,0.532,1.778,0.493,1.094,0.47,0.0,0.0,0.338,0.018,0.036,0.09,2.498,1.45,0.149,0.452,0.788,1.141,0.347,0.309,0.042,2.54,0.38,3.121,0.008,2.751,0.129,1.192,2.155,0.481,0.654,2.452,0.905,0.0,1.018,0.977,1.569,2.213,2.061,3.697,0.556,2.676,0.491,0.941,0.692,2.346,3.407,0.366,1.343,1.248,1.628,4.577,3.794
1.85,14.974,23.319,21.159,13.076,25.83,24.125,21.459,24.693,28.11,41.956,13.915,3.689,0.504,4.361,3.199,3.469,2.813,4.404,12.305,3.592,3.398,3.755,2.317,2.331,2.74,2.378,3.124,4.059,4.335,4.972,3.029,3.963,1.771,3.804,7.935,5.605,4.263,3.036,2.503,2.99,8.309,6.718,4.446,8.284,6.919,5.013,4.242,1.719,2.936,6.588,6.818,12.529,11.682,9.529,13.2,11.979,10.609,8.552,12.344,13.106,13.351,18.463,15.816,23.863,15.354,18.48,29.176,23.869,20.981,41.662,41.151,9.5,9.396,3.344,2.527,5.973,1.338,3.303,4.495,0.512,1.403,3.219,2.908,2.438,2.101,2.592,4.14,1.471,0.803,0.538,0.664,3.37,1.09,0.494,0.268,0.223,0.2,0.138,0.735,0.897,1.039,0.049,0.113,0.589,0.088,0.602,0.319,0.532,0.132,0.223,0.329,0.204,0.867,0.24,2.019,0.155,1.452,0.179,0.951,0.607,0.002,0.237,0.899,2.011,0.223,0.817,1.5,0.621,0.0,0.349,0.058,0.0,0.877,0.0,0.0,0.059,0.0,0.086,0.0,0.0,0.041,0.103,0.137,0.416,0.197,0.193,0.097,0.0,0.279,0.034,1.257,0.0,1.413,0.0,0.0,0.0,0.024,0.944,0.29,0.447,0.486,1.291,0.92,3.343,3.084,4.199,5.126,2.671,0.428,0.402,1.59,2.083,2.536,0.632,1.21,0.994,0.552,0.855,3.754,1.85
