0,1,2,3,4,5,6,7,8,9,10,11,12,13,14,15,16,17,18,19,20,21,22,23,24,25,26,27,28,29,30,31,32,33,34,35,36,37,38,39,40,41,42,43,44,45,46,47,48,49,50,51,52,53,54,55,56,57,58,59,60,61,62,63,64,65,66,67,68,69,70,71,72,73,74,75,76,77,78,79,80,81,82,83,84,85,86,87,88,89,90,91,92,93,94,95,96,97,98,99,100,101,102,103,104,105,106,107,108,109,110,111,112,113,114,115,116,117,118,119,120
29.07,5.261,23.516,37.323,137.937,108.403,86.129,289.148,166.035,97.96,60.136,33.904,110.959,138.234,105.778,88.982,149.494,99.496,132.213,66.189,156.056,83.243,54.94,61.829,63.379,39.91,26.623,47.242,96.156,297.872,41.287,74.299,81.483,93.581,58.492,154.687,57.123,7.931,57.372,39.081,78.517,43.291,99.452,8.909,52.436,0.0,0.0,0.0,0.0,6.061,0.158,8.48,27.231,0.0,0.0,0.0,0.0,0.0,0.0,0.0,0.0,5.788,0.0,14.056,0.0,0.0,0.0,15.223,0.0,0.0,0.0,0.0,27.439,0.0,0.0,0.0,0.0,0.0,0.0,0.0,0.0,0.0,0.0,0.0,7.181,0.0,19.899,0.0,3.057,0.0,9.754,0.0,0.0,4.216,6.061,0.0,0.0,0.0,0.0,0.872,105.717,37.901,0.0,0.0,33.968,15.504,48.152,32.402,5.121,6.634,69.957,39.566,60.84,62.792,21.005,64.514,43.187,41.764,38.489,11.069,29.07
105.975,120.969,99.004,163.57,254.446,159.448,156.793,366.179,257.483,235.814,153.695,142.133,211.336,187.34,164.992,132.311,218.344,191.308,185.916,228.516,154.729,167.664,115.913,149.874,182.861,140.112,88.07,194.572,247.379,243.341,188.501,264.065,234.922,168.43,196.194,212.888,172.067,66.919,98.925,98.116,166.25,71.392,105.637,82.837,117.84,29.526,15.8,29.288,51.755,23.423,36.183,97.925,40.873,72.711,65.931,38.414,54.589,11.319,47.859,91.459,57.805,38.994,46.189,76.973,77.962,26.181,20.568,77.163,65.931,50.29,51.364,73.814,117.613,37.324,13.545,69.695,50.661,64.863,23.814,18.677,19.137,11.709,0.523,8.712,41.364,21.291,92.126,46.552,85.306,79.844,96.69,73.839,0.0,14.102,28.108,4.666,3.302,12.383,11.004,15.296,99.555,103.594,0.465,8.22,87.711,23.899,53.945,21.581,8.598,37.348,35.148,31.682,44.989,28.564,26.912,51.8,76.009,90.055,27.535,12.858,105.975
177.217,272.755,151.782,273.376,369.273,282.573,276.273,402.751,349.769,294.999,254.594,248.991,294.48,318.297,247.216,264.265,252.702,293.66,274.708,336.736,189.904,288.737,244.293,265.198,245.341,234.112,162.795,270.312,257.219,324.8,310.146,382.415,317.205,288.2,363.769,353.7,351.727,213.405,182.059,244.305,271.267,80.166,160.577,172.112,210.892,134.529,79.269,75.588,112.783,124.441,154.836,205.275,171.331,150.077,185.892,85.479,83.346,150.505,190.172,193.307,206.333,178.951,211.622,186.545,213.753,242.966,192.335,233.852,260.89,174.619,130.113,261.864,188.009,210.517,91.499,79.363,105.996,119.491,73.073,95.838,106.79,58.619,27.999,44.827,40.321,146.476,237.109,162.266,201.973,213.842,288.231,147.575,42.596,149.402,89.528,119.523,107.192,33.959,13.944,91.085,40.535,44.388,9.813,23.262,119.624,57.274,103.079,42.355,41.133,23.385,39.817,76.982,41.394,48.783,81.6,72.849,114.243,70.417,83.66,78.612,177.217
158.675,242.003,285.527,277.745,249.191,267.577,259.449,317.106,255.656,243.077,207.903,211.29,205.884,227.754,148.647,135.688,180.42,254.115,295.557,272.001,122.691,156.067,218.764,114.126,107.622,181.062,188.306,217.266,222.428,236.174,329.293,360.777,279.308,270.573,359.567,345.684,381.299,218.315,276.628,332.661,344.765,162.841,279.05,275.232,250.376,282.478,296.711,224.529,302.265,234.824,306.156,262.341,386.164,367.527,412.723,298.243,149.241,385.009,316.496,316.65,310.046,351.497,420.478,338.673,405.361,427.276,390.452,422.883,488.275,386.551,420.851,466.252,405.355,273.026,212.787,217.814,144.679,187.151,172.142,153.753,235.982,176.023,137.398,197.082,140.284,294.584,241.806,226.177,262.206,273.93,414.299,259.709,277.954,205.95,149.366,222.974,165.745,90.796,22.075,80.042,64.948,74.342,65.315,26.922,33.719,59.406,60.878,78.842,44.911,7.301,44.916,149.724,47.894,94.047,96.903,65.178,130.817,81.083,42.398,92.984,158.675
183.75,97.675,211.184,204.879,126.447,142.994,154.883,215.207,160.961,162.706,60.594,94.64,93.63,129.759,85.702,39.99,26.916,119.28,96.024,107.404,42.804,55.29,88.42,21.807,47.55,84.897,67.0,84.603,132.114,79.605,95.331,126.457,147.98,137.098,228.736,132.318,214.377,162.214,157.885,270.353,210.71,188.706,189.183,210.299,196.837,190.68,253.372,248.728,221.389,118.09,201.869,204.527,311.963,265.791,285.434,223.527,121.714,279.323,222.207,221.055,239.216,241.915,352.921,310.845,327.335,293.403,289.938,381.254,487.773,305.64,395.926,369.145,324.669,280.289,198.145,208.038,192.181,116.703,108.119,120.664,229.246,156.911,113.037,144.885,117.134,133.724,209.974,143.412,163.371,218.195,294.175,176.253,216.662,97.187,66.454,133.697,84.411,63.766,37.22,97.135,47.337,34.739,64.029,14.036,49.86,68.362,105.251,122.461,70.828,55.424,48.97,72.218,82.134,102.489,121.532,74.301,71.438,108.759,35.265,129.89,183.75
110.593,82.415,96.09,102.504,32.529,61.924,62.766,127.515,46.576,50.635,10.051,23.496,13.387,10.149,20.998,9.775,2.033,60.404,19.893,26.034,14.016,36.301,46.876,2.947,24.165,39.981,34.164,7.879,54.34,51.101,5.41,51.719,93.29,67.104,98.671,73.571,95.649,98.892,69.935,114.687,90.263,109.571,89.089,84.139,105.428,68.039,182.886,111.677,132.61,22.078,129.672,116.6,182.362,152.817,152.369,56.18,116.94,137.322,118.827,92.869,129.121,165.209,137.459,174.766,131.875,136.697,53.381,253.33,297.063,174.571,230.557,217.343,190.167,227.344,188.27,96.161,64.318,43.113,79.275,67.009,99.099,74.056,104.712,26.071,10.382,32.674,67.045,37.587,73.867,83.289,59.995,51.775,77.202,62.816,49.68,95.146,67.655,49.048,104.776,90.451,82.809,83.128,102.919,16.041,84.85,75.469,103.703,51.771,60.226,108.707,56.941,69.284,110.711,89.369,107.379,71.184,82.797,154.273,82.477,63.413,110.593
7.48,15.553,26.722,16.409,0.857,5.338,5.668,15.026,6.986,0.0,14.939,0.0,0.0,0.0,0.0,0.0,0.0,73.104,8.765,21.378,2.979,0.922,2.966,4.504,8.765,9.885,0.0,0.0,26.914,2.944,4.256,29.178,53.089,37.16,47.169,51.852,44.023,76.201,71.204,64.146,88.673,53.865,22.469,23.536,59.144,67.452,115.083,116.617,94.206,39.829,73.823,56.533,101.371,86.336,93.157,42.35,95.07,93.558,48.852,71.163,92.704,132.468,107.85,126.961,54.714,72.635,2.483,88.925,111.301,58.175,174.251,164.54,112.831,116.77,122.373,31.487,8.369,20.429,31.322,32.094,29.991,22.083,43.132,2.412,4.327,33.061,11.813,19.444,33.217,22.06,27.495,14.305,23.762,20.947,22.415,34.821,12.768,65.618,115.97,145.744,87.789,69.532,14.949,15.016,93.542,72.013,6.96,14.364,43.605,43.331,3.156,21.344,40.34,56.179,77.844,26.723,7.721,39.028,7.325,20.569,7.48
40.502,0.0,1.444,0.0,0.0,0.0,0.0,0.0,0.0,0.0,51.716,0.0,0.0,0.015,0.0,0.0,6.11,64.382,10.822,85.558,1.602,0.496,0.0,2.422,0.0,0.0,0.0,0.0,1.889,1.583,2.289,22.058,6.254,4.393,8.403,7.192,4.468,9.13,32.601,9.393,13.702,6.167,0.385,1.238,1.448,8.781,55.234,25.174,25.375,10.048,8.732,2.157,6.989,23.477,15.675,5.058,37.16,64.116,19.663,40.107,6.485,16.097,34.099,57.206,15.387,19.987,1.687,9.964,12.305,14.267,30.387,27.574,15.386,13.232,18.941,0.16,0.149,0.862,7.456,0.0,8.793,4.044,5.076,1.297,3.948,11.33,4.427,7.019,9.671,2.117,13.53,7.191,12.78,12.107,7.126,8.07,6.867,12.377,109.243,262.606,26.441,10.618,5.19,22.38,13.406,19.672,2.836,7.725,4.067,23.006,21.461,16.772,2.679,27.871,7.028,1.48,8.437,30.589,25.714,79.99,40.502
114.855,0.0,0.0,0.219,0.0,0.0,0.0,0.169,4.682,0.0,123.505,12.679,6.34,2.239,9.168,6.753,6.347,93.382,16.265,154.121,2.545,0.0,3.636,0.0,0.0,0.0,0.0,0.0,0.0,0.0,0.0,0.0,0.0,5.471,0.0,0.0,0.0,0.0,0.0,0.0,0.0,0.0,0.0,0.0,0.0,0.0,0.0,0.029,0.0,2.346,0.0,1.418,0.0,0.0,11.219,0.666,0.0,0.0,0.0,0.81,0.0,1.21,0.0,9.864,0.0,2.542,0.0,1.815,0.0,2.208,0.0,0.0,12.801,39.294,71.209,39.244,1.857,0.0,0.0,0.0,0.866,3.968,0.0,0.0,7.676,21.699,6.838,11.512,1.182,7.744,8.472,21.218,4.69,9.432,5.507,12.147,87.334,109.823,263.132,458.632,101.044,33.32,19.635,3.84,66.794,26.167,52.167,16.784,7.554,99.761,83.54,34.519,47.227,98.677,31.418,20.854,17.934,125.617,116.168,214.019,114.855
174.902,0.0,0.0,43.586,0.578,1.596,3.826,32.308,9.864,26.361,137.041,89.897,35.351,6.889,60.613,70.563,37.15,142.889,131.304,44.807,0.261,0.0,27.426,0.061,0.0,0.0,2.855,0.0,5.908,0.041,0.0,1.741,0.283,50.316,0.0,8.04,0.076,37.503,3.186,1.85,25.178,0.0,0.016,0.115,0.0,2.872,1.189,6.506,0.0,10.945,24.635,20.653,3.539,0.311,107.722,3.669,2.16,0.099,0.658,19.371,10.327,0.038,0.082,3.829,0.0,5.318,7.091,24.043,8.731,23.588,10.331,32.661,43.54,82.677,40.453,32.758,32.449,3.531,20.309,23.122,18.088,26.145,2.004,15.269,89.775,190.334,94.452,79.425,29.772,64.854,86.049,110.129,84.412,26.573,83.068,18.287,113.099,128.156,353.881,382.486,244.857,44.721,45.723,63.815,140.911,44.827,83.188,36.993,60.596,60.408,160.041,83.74,74.251,142.56,78.24,93.876,35.408,148.769,104.654,160.615,174.902
22.642,0.0,0.0,34.636,0.078,6.059,15.152,111.379,17.521,3.549,51.211,21.957,32.503,0.467,12.644,26.522,13.56,61.712,81.139,2.801,7.721,0.0,29.165,10.147,0.0,0.0,25.696,0.0,25.604,6.8,0.0,6.609,47.075,44.148,0.0,68.861,13.089,88.892,37.802,0.249,89.729,0.0,2.72,13.17,0.0,16.038,7.989,85.503,0.0,126.295,81.12,33.135,13.439,63.164,385.513,91.619,22.837,16.424,29.14,58.334,39.215,6.277,13.599,14.54,0.0,4.324,5.765,50.405,10.638,15.666,53.949,61.741,15.04,47.752,4.545,67.792,14.229,26.185,15.005,18.8,42.236,10.318,1.629,9.281,28.129,339.782,88.313,45.485,115.66,8.626,79.408,60.537,73.614,27.829,10.188,0.781,3.992,3.574,208.776,16.043,303.611,8.77,26.454,19.459,11.834,3.176,30.002,6.853,62.63,1.61,57.897,33.345,7.272,115.784,22.563,52.958,7.746,40.592,1.534,23.14,22.642
1.36,0.0,0.0,1.142,0.0,0.0,7.219,22.652,1.258,0.0,0.0,5.912,17.478,0.0,32.24,47.542,14.415,65.012,81.541,0.0,47.4,2.401,2.067,3.287,0.0,4.262,33.139,0.0,2.84,2.766,0.0,0.0,15.247,90.557,0.0,58.484,33.094,83.01,105.641,0.362,113.689,0.0,5.471,51.332,0.0,8.071,66.506,95.73,0.0,200.691,152.024,0.0,0.0,113.343,517.863,190.07,67.207,5.32,39.832,7.725,0.0,2.033,4.405,0.0,0.0,0.0,0.0,6.393,1.152,0.0,4.879,11.452,0.15,0.629,0.0,15.806,0.0,4.235,0.0,31.502,0.0,0.0,0.0,0.0,0.44,319.334,36.12,0.0,42.18,6.693,31.732,4.834,16.061,0.0,7.164,0.0,0.474,12.401,26.239,0.0,176.127,3.123,3.927,0.0,40.153,1.586,39.589,1.423,72.842,5.733,20.93,35.087,35.308,31.052,12.891,7.831,1.062,1.505,22.844,7.045,1.36
94.998,0.175,0.0,10.437,0.0,5.074,16.177,40.041,0.404,23.873,24.161,14.659,66.645,16.896,43.697,32.035,33.971,65.353,129.806,12.398,59.896,13.326,26.212,0.0,0.0,86.64,46.602,0.944,18.632,8.305,2.939,9.91,2.422,86.397,3.151,23.622,5.323,17.389,54.488,0.97,41.79,2.727,22.522,29.097,2.804,4.32,8.884,26.662,0.0,52.605,49.667,10.12,4.463,16.046,283.781,174.776,37.228,0.0,13.836,0.0,5.282,16.6,6.505,1.573,3.238,8.691,12.478,6.637,15.19,0.0,4.549,4.471,16.699,9.795,8.362,11.193,21.104,2.718,6.354,13.585,4.195,10.742,13.248,0.0,3.946,188.383,2.622,6.929,38.16,35.319,7.654,1.363,5.75,3.024,17.363,8.019,4.87,111.007,4.188,6.033,130.625,57.823,66.916,21.457,40.137,98.194,117.051,25.972,37.57,38.234,66.565,41.275,52.083,55.229,33.651,15.335,35.201,48.251,32.483,87.629,94.998
369.3,3.573,40.287,64.252,57.416,10.632,91.11,100.264,52.317,73.338,115.02,35.484,123.858,96.841,24.168,17.319,57.586,127.668,334.42,54.29,107.215,67.949,47.929,8.795,0.654,306.523,165.023,8.326,50.802,67.884,12.037,72.763,17.479,102.998,17.061,15.083,5.34,13.36,18.911,13.136,21.153,11.797,99.072,8.194,16.039,24.436,1.927,3.035,7.229,4.908,30.043,62.808,26.601,16.071,94.89,88.155,20.56,7.226,21.027,3.591,12.892,66.619,15.133,32.661,17.305,38.183,39.211,35.928,71.035,7.588,24.997,24.559,68.454,41.534,24.451,41.455,82.22,17.758,15.951,49.414,7.351,43.458,82.206,1.682,31.196,130.267,9.113,21.836,58.26,88.958,15.161,7.274,12.542,32.249,35.597,48.652,22.047,176.084,14.069,68.923,276.997,171.211,268.475,38.963,17.659,196.739,301.01,65.348,91.883,88.072,65.325,94.979,88.802,170.787,78.728,114.453,146.14,183.951,170.582,294.139,369.3
525.581,0.554,34.945,103.278,59.997,47.422,93.235,183.791,44.289,83.959,142.018,102.996,63.657,224.267,89.472,330.938,185.912,110.115,664.583,106.489,176.968,135.295,111.828,46.278,5.272,394.526,351.997,51.497,193.831,48.997,89.936,128.779,106.197,241.131,104.578,60.551,66.715,85.228,126.083,104.111,118.134,73.719,189.062,79.833,31.598,31.08,38.009,62.551,94.979,58.928,184.491,215.728,80.42,90.987,98.671,119.395,38.619,80.47,33.43,18.5,83.847,60.788,61.423,119.48,135.359,254.235,105.977,159.157,174.84,123.225,115.519,237.99,263.366,220.539,93.308,166.092,129.585,65.943,68.873,136.124,79.153,163.086,171.677,94.576,308.411,262.847,183.694,97.045,163.654,182.791,171.864,113.734,114.062,356.291,238.516,285.794,342.356,422.413,175.033,410.527,554.975,460.748,745.372,250.461,360.49,475.565,798.783,360.266,241.57,323.965,330.58,424.59,371.601,511.77,485.572,484.964,482.629,387.067,657.364,412.877,525.581
309.345,12.752,117.631,107.507,127.122,101.039,128.586,251.904,115.456,135.121,172.182,145.392,121.717,334.653,243.329,699.158,278.172,116.48,704.929,218.015,270.749,215.054,209.478,56.604,65.187,305.327,483.988,88.918,292.09,157.493,216.856,186.618,255.84,381.384,331.261,275.409,275.817,259.508,256.876,275.572,329.128,268.772,440.887,320.085,222.211,147.787,294.779,257.828,383.992,224.544,315.626,352.635,352.162,288.13,403.626,257.066,122.809,324.639,380.681,205.07,237.332,275.761,381.042,409.461,368.065,551.893,417.151,498.379,518.552,354.491,377.588,629.133,566.283,522.81,345.034,465.278,392.184,428.404,544.175,389.231,433.642,450.622,349.49,423.105,697.087,579.724,578.201,267.632,415.934,437.561,486.765,405.497,518.242,520.228,409.326,450.476,557.852,645.936,354.608,596.555,457.423,429.499,910.388,492.673,480.617,774.32,1118.899,699.539,555.044,545.576,532.184,570.347,556.893,574.432,487.668,619.83,527.621,538.981,653.631,155.414,309.345
72.234,33.8,158.009,119.6,84.312,91.389,119.007,109.139,47.968,66.969,93.018,77.703,88.393,151.989,333.972,685.579,167.356,129.846,450.911,172.563,173.389,169.52,165.559,33.24,136.212,73.59,282.114,87.959,219.207,236.157,146.16,149.981,295.207,324.888,312.448,376.742,316.619,261.887,359.077,248.377,404.694,338.022,484.973,389.009,232.259,337.426,329.004,307.277,466.607,391.541,301.675,338.288,461.888,385.002,506.2,409.57,270.091,483.318,630.115,555.718,365.295,347.835,725.874,644.676,557.706,590.213,492.254,586.397,658.348,474.242,522.017,559.579,530.348,531.215,479.709,498.526,607.053,583.026,702.237,541.25,584.009,467.733,493.173,404.303,665.812,585.373,657.134,367.47,548.817,517.831,437.354,436.498,528.377,337.318,295.074,212.529,269.919,377.972,219.122,331.132,171.564,250.88,438.285,278.782,228.308,656.118,816.038,432.05,355.609,336.881,302.254,254.968,370.547,206.105,360.112,355.068,245.529,301.738,296.539,20.25,72.234
31.88,32.204,110.747,123.271,106.346,116.218,107.083,126.205,68.861,49.982,57.262,63.577,56.179,89.243,200.388,478.171,101.662,128.01,260.973,89.032,79.484,120.653,59.741,26.886,86.352,90.158,100.936,127.393,116.369,141.621,98.758,68.576,195.4,206.701,157.458,192.406,234.878,169.025,219.127,187.453,264.281,306.67,341.562,283.177,196.045,257.495,209.315,230.37,319.345,215.302,211.666,254.537,369.448,265.088,313.8,338.635,243.038,312.325,363.693,426.752,320.967,316.206,473.732,353.714,446.427,329.384,212.893,325.84,374.955,372.034,291.538,189.701,247.655,248.585,204.253,144.441,271.784,278.426,274.957,237.088,279.944,200.637,330.4,161.907,336.26,247.825,288.292,180.047,262.883,271.206,250.855,250.343,243.641,167.136,133.239,157.038,46.729,248.008,123.038,145.833,49.771,46.931,162.25,182.212,156.079,490.712,522.364,216.568,253.883,112.105,124.759,114.905,159.973,174.355,264.215,242.815,98.172,96.324,107.072,10.915,31.88
42.418,25.387,183.735,252.499,101.561,161.551,240.172,223.563,85.71,102.651,98.706,129.622,71.262,150.378,65.556,253.343,118.083,147.317,247.621,130.94,61.28,161.207,102.922,53.255,75.288,112.229,133.624,186.394,89.76,200.456,124.121,103.669,159.704,192.389,149.689,161.953,241.627,196.397,266.851,226.897,279.739,358.037,238.571,205.274,184.033,332.22,171.896,218.673,292.856,213.355,188.607,269.269,333.839,244.441,296.838,270.666,179.856,279.051,193.251,353.167,296.299,281.432,342.703,210.076,449.872,243.522,194.886,264.965,344.896,309.338,231.613,118.769,156.058,221.532,105.738,35.318,138.034,167.487,34.274,156.196,137.52,93.443,66.389,161.236,345.649,103.658,192.21,219.634,164.245,284.623,197.485,201.404,154.224,113.174,91.421,122.748,13.085,102.722,173.36,88.784,86.093,2.017,18.155,110.185,101.948,380.542,235.452,126.01,262.785,69.364,47.607,24.726,177.22,258.487,210.758,316.77,57.095,86.513,79.317,74.939,42.418
90.372,4.765,205.054,237.339,165.417,231.054,234.088,384.625,175.883,162.317,186.719,187.557,125.779,149.21,37.079,129.175,108.903,149.528,251.768,199.939,115.761,216.354,180.673,61.647,66.173,44.685,91.726,122.76,99.467,155.279,127.737,47.11,115.626,150.933,99.158,182.776,179.16,158.858,198.812,150.994,238.825,250.675,239.245,149.767,124.628,266.052,119.999,182.663,249.184,217.999,190.053,240.278,253.399,358.948,275.896,203.453,171.374,187.733,303.574,223.57,220.635,218.888,353.299,213.9,527.673,194.045,223.602,283.548,335.849,190.931,179.692,193.252,206.24,281.475,215.159,120.221,203.108,244.523,99.304,85.055,124.328,207.78,149.988,207.87,402.567,298.203,157.119,191.44,246.959,182.335,144.536,283.473,227.253,201.916,127.018,23.092,6.792,32.026,380.474,77.135,148.144,9.822,104.047,49.955,20.388,465.61,49.976,90.062,258.269,63.872,78.117,40.004,136.539,135.479,587.083,733.703,55.141,69.517,173.488,202.23,90.372
49.798,14.977,175.575,207.817,154.709,200.654,173.637,359.061,115.864,81.579,161.341,86.057,124.864,79.213,71.671,12.69,92.553,56.636,162.958,266.771,184.232,54.057,88.535,25.763,40.396,17.113,36.279,11.568,45.365,18.802,68.704,45.828,53.144,65.394,50.826,86.448,88.966,90.334,118.917,76.717,66.317,82.942,107.774,92.022,68.755,144.298,149.222,87.148,248.44,118.82,66.995,155.811,141.135,289.083,57.386,172.294,76.381,106.918,202.307,119.093,151.619,118.588,208.915,115.809,702.95,166.685,221.886,135.02,235.557,174.57,169.964,81.752,109.35,183.271,129.753,96.854,159.712,122.334,86.385,127.592,103.906,175.384,172.672,174.151,465.051,476.873,158.739,124.108,413.833,121.966,75.347,490.771,304.528,357.333,249.619,51.477,31.74,1.831,441.64,207.88,384.701,51.479,320.277,61.038,124.978,717.655,90.677,178.719,98.345,44.765,193.2,25.196,21.592,148.163,816.195,880.838,198.891,7.755,143.354,132.187,49.798
86.769,7.403,142.678,54.331,40.324,98.811,61.197,257.961,112.778,60.776,25.591,32.836,65.333,32.952,120.804,62.663,96.634,17.866,206.225,151.116,261.739,114.456,20.245,14.233,41.315,8.319,27.567,1.754,37.517,8.524,0.136,4.954,39.611,18.529,34.532,25.862,51.089,25.388,60.948,62.887,54.201,55.33,33.028,43.341,80.228,69.696,47.949,62.736,169.512,55.191,19.251,124.863,73.95,270.514,47.998,47.516,20.761,90.126,89.709,124.782,40.507,28.098,92.092,110.517,517.151,202.713,177.069,166.484,102.356,126.806,124.16,53.363,149.528,132.611,51.699,42.507,80.362,62.732,11.579,46.821,34.796,44.936,75.579,137.418,287.723,667.792,107.808,164.805,656.202,133.805,11.549,469.74,286.244,195.938,137.113,54.627,31.383,0.0,176.666,195.595,333.846,70.62,230.718,41.828,199.976,457.394,136.156,152.374,24.731,58.667,299.718,5.02,2.867,142.709,387.082,440.273,192.14,32.163,105.379,74.625,86.769
221.321,0.0,141.63,0.812,2.964,59.831,0.89,126.305,45.353,5.619,0.73,18.168,2.184,2.951,2.008,10.691,22.803,0.0,103.021,11.233,183.583,63.363,9.377,0.0,11.803,0.0,4.176,0.0,9.954,5.395,10.782,7.765,6.932,0.411,18.11,1.538,76.841,7.686,5.207,73.573,46.856,41.901,1.926,20.647,47.146,49.596,6.967,11.076,53.23,14.276,7.78,80.995,50.069,183.557,64.825,16.526,1.335,23.121,2.17,121.58,11.697,11.108,87.035,55.51,99.035,349.939,191.661,104.946,72.467,100.1,102.423,44.388,53.583,81.064,18.784,21.298,87.856,32.375,0.272,0.907,17.567,12.598,52.051,189.408,68.413,553.554,68.913,251.85,557.686,164.987,43.717,465.025,200.407,57.113,51.327,101.688,66.691,16.209,182.191,161.818,206.006,126.137,118.506,88.323,157.216,142.738,118.352,177.106,84.229,120.91,467.911,88.047,124.021,210.879,228.222,215.245,206.359,97.121,175.635,254.428,221.321
347.725,0.056,65.524,61.744,64.368,169.128,18.275,90.385,117.123,95.156,23.967,97.37,59.142,87.673,94.406,98.315,54.158,67.008,117.93,74.001,378.824,106.37,111.344,8.303,30.718,18.253,58.079,53.593,36.065,95.653,53.646,60.431,89.124,14.641,9.889,47.545,50.715,3.371,6.118,34.45,37.345,17.39,18.581,19.057,53.444,12.34,6.656,20.203,62.724,47.357,36.091,43.523,82.522,47.882,37.842,8.323,53.105,47.068,12.269,69.072,40.0,47.431,52.286,63.677,98.766,423.893,326.186,151.865,144.41,77.022,192.15,29.716,76.745,134.669,31.392,46.329,105.634,48.936,4.323,4.187,76.989,42.81,126.025,440.562,250.439,723.019,168.939,372.909,763.067,291.096,162.355,534.147,325.059,179.554,243.516,324.681,251.93,160.174,722.874,460.667,410.214,289.529,454.683,290.229,174.147,226.015,279.378,453.094,411.718,348.59,1063.771,428.627,497.449,540.947,405.657,748.067,492.814,147.665,300.156,439.549,347.725
219.924,14.07,180.498,202.455,213.22,274.048,186.615,227.288,210.342,206.944,161.923,223.411,313.014,223.652,161.642,117.086,242.204,200.314,247.035,122.36,595.254,210.965,339.659,102.726,95.531,91.952,232.577,297.561,227.393,557.758,228.289,274.441,224.955,127.466,187.55,301.481,216.782,37.099,197.182,140.007,239.685,197.298,157.855,181.323,217.723,158.045,81.576,156.141,214.965,414.818,260.388,346.85,328.37,221.899,140.276,176.783,232.552,345.693,216.875,308.722,229.24,203.009,358.588,372.084,447.99,786.219,968.835,558.921,442.585,302.868,440.28,247.096,239.063,352.673,208.547,205.783,355.81,211.938,156.941,141.594,313.984,246.23,382.196,975.653,626.771,1005.775,409.173,617.885,1345.219,427.651,372.326,524.193,491.381,199.846,310.203,244.569,241.985,113.278,763.471,533.82,291.37,188.612,529.42,355.639,162.569,233.033,392.198,560.667,658.525,626.302,1307.592,496.261,568.005,628.836,501.714,718.505,569.868,187.806,256.125,202.695,219.924
205.117,105.194,276.06,278.52,221.275,246.457,292.59,259.116,182.164,194.342,306.475,204.421,327.9,267.058,173.437,98.485,153.627,191.239,328.249,163.997,390.826,316.74,473.462,189.839,260.398,182.0,292.295,320.073,287.691,610.968,310.342,395.214,403.412,222.203,271.212,512.945,490.279,84.624,248.078,203.49,345.029,201.244,258.616,176.746,273.886,184.59,166.476,192.845,284.415,499.901,409.215,415.516,423.851,325.479,231.121,211.6,364.546,492.819,363.065,289.59,296.297,207.1,562.861,449.272,671.981,840.016,1060.106,820.267,490.606,363.921,449.291,283.367,223.173,246.162,166.634,123.679,429.631,251.344,220.409,144.015,272.586,308.359,455.09,921.53,552.095,604.664,264.745,461.774,990.616,436.11,162.721,200.224,161.003,51.714,299.286,52.281,17.289,6.223,400.588,179.76,49.763,23.726,414.62,39.965,86.763,123.86,237.811,372.446,427.024,694.393,1041.75,473.672,283.059,610.095,864.952,564.779,417.937,359.579,339.019,139.843,205.117
106.216,90.067,294.833,162.211,179.233,100.221,222.076,125.002,116.995,92.498,239.219,136.454,215.772,270.464,87.402,25.847,104.009,140.806,268.969,127.581,231.613,412.648,596.443,145.621,227.826,191.728,229.055,207.071,266.452,331.278,290.43,398.119,399.955,311.826,317.357,645.929,547.838,74.071,102.447,109.983,256.483,125.072,181.66,132.507,165.684,255.277,143.891,195.564,198.377,303.551,190.256,284.515,288.536,159.557,71.458,72.981,198.208,256.727,164.256,122.507,95.676,81.129,413.28,177.873,611.777,831.757,937.566,755.031,307.361,235.748,215.12,195.869,118.381,89.615,23.097,16.974,234.698,131.757,61.646,63.852,73.847,173.964,318.086,347.157,191.021,204.518,195.18,364.18,573.414,338.105,70.561,50.155,85.035,59.088,312.692,57.185,0.178,0.516,284.652,130.754,70.433,121.674,433.612,0.0,308.221,26.142,404.12,248.299,513.102,798.53,864.881,400.283,274.759,610.353,1323.159,539.811,338.054,446.113,313.789,119.613,106.216
50.011,8.563,84.667,54.696,16.758,10.22,42.645,8.674,8.219,3.672,32.457,9.114,27.355,56.004,0.0,0.0,7.077,8.421,100.289,55.217,51.335,244.819,566.325,57.784,103.259,18.523,29.259,26.183,168.564,137.456,58.21,246.84,172.1,83.26,174.694,244.371,330.924,34.446,29.017,5.032,93.781,60.844,61.386,33.264,28.183,74.878,9.665,118.857,86.214,89.827,14.566,87.033,62.32,15.454,35.037,30.793,37.965,60.346,74.872,58.967,1.693,5.078,112.655,57.273,307.979,656.62,670.399,734.413,191.872,163.943,60.594,28.859,23.422,4.804,0.366,2.422,46.74,12.726,15.823,15.29,0.29,73.586,56.719,104.536,25.962,105.445,183.396,301.195,522.598,211.06,122.181,194.823,109.176,192.126,172.734,24.249,0.0,22.056,436.895,369.697,225.306,301.865,269.894,0.693,313.242,30.565,415.682,206.836,608.802,670.118,695.942,372.93,152.028,633.435,1403.373,602.969,434.493,456.158,330.674,142.712,50.011
37.385,0.0,3.08,50.647,30.425,60.484,0.0,24.571,17.905,29.687,39.798,38.171,53.346,73.691,24.05,8.222,44.635,16.361,77.22,251.401,146.204,224.079,743.928,19.853,58.754,14.162,2.227,14.268,77.384,128.767,44.166,66.371,45.134,41.092,158.278,20.686,137.815,1.996,13.43,0.0,13.454,4.228,11.355,17.408,10.099,4.028,0.0,8.877,78.951,80.001,10.084,20.256,10.771,4.488,7.714,2.815,3.256,10.637,0.267,0.207,5.013,0.014,1.851,20.104,119.645,630.645,250.216,1139.962,76.622,88.759,52.811,28.159,3.261,19.824,0.0,0.0,5.077,8.753,5.106,8.652,0.0,9.352,2.232,67.216,5.799,19.363,128.387,83.428,486.394,395.134,208.833,196.886,154.564,196.555,85.277,50.838,18.74,132.94,553.148,292.702,611.535,475.421,150.536,58.424,612.611,113.793,297.325,225.526,702.112,588.039,556.993,191.531,152.229,628.339,647.06,619.43,587.46,512.198,340.881,176.234,37.385
67.958,34.013,122.899,293.748,116.248,146.243,105.221,193.532,218.058,193.199,167.233,171.945,206.587,244.976,184.255,153.035,272.87,242.948,277.056,549.557,564.325,472.648,839.259,157.98,166.282,149.904,35.283,54.227,234.22,319.419,124.359,198.452,62.184,60.832,348.179,110.251,205.031,33.634,139.858,14.076,32.681,4.176,43.425,46.959,12.411,0.0,0.232,0.601,141.664,165.232,39.317,54.476,17.411,11.943,0.0,18.455,5.851,23.663,5.526,8.073,5.005,22.503,60.476,58.596,346.176,633.324,221.827,1466.239,85.969,196.383,112.78,95.347,56.371,105.976,0.858,15.226,11.255,34.104,32.883,53.114,26.986,22.631,47.479,85.451,52.285,65.787,318.938,129.461,285.046,462.42,168.589,238.215,273.234,350.285,115.637,33.876,66.742,342.529,505.076,234.887,949.467,728.757,92.144,197.531,1036.331,205.744,281.281,370.53,975.534,580.376,700.808,187.81,254.735,491.572,465.493,468.008,864.563,548.768,178.409,188.827,67.958
191.809,177.099,503.71,555.966,321.697,297.924,528.024,422.818,423.881,307.832,324.839,355.311,336.812,423.34,245.022,327.155,511.508,450.328,462.038,796.405,981.828,821.938,734.866,440.352,584.406,479.141,206.307,284.694,540.204,697.679,384.84,539.797,395.98,215.045,518.076,358.38,390.763,271.762,475.602,223.808,179.311,120.138,156.978,115.853,48.536,8.99,37.856,13.908,157.481,158.502,95.692,129.414,5.408,70.484,1.687,83.353,6.057,29.579,75.235,71.465,39.891,114.762,153.298,205.348,764.89,440.344,306.945,1124.54,289.955,487.034,172.296,292.697,170.69,145.587,37.221,88.93,7.738,59.601,69.975,59.162,39.809,20.81,209.89,67.454,168.773,221.433,619.995,328.99,295.967,708.474,231.43,360.002,561.035,725.074,287.823,131.173,88.672,301.524,709.122,431.263,1097.731,715.743,324.833,338.654,1201.275,804.692,727.893,636.106,1193.18,780.695,712.588,355.746,492.982,551.616,668.65,423.315,1120.865,407.126,277.968,221.194,191.809
326.243,253.214,577.989,578.464,293.222,381.533,432.809,408.027,316.495,238.287,365.228,302.653,297.0,418.16,245.048,260.325,383.023,502.533,450.72,736.334,1093.417,837.743,774.205,639.472,944.38,822.159,469.744,691.161,1050.732,1087.135,1056.411,1000.796,524.989,362.573,687.615,794.703,620.305,609.791,1055.78,475.454,462.87,409.16,293.124,399.349,163.49,112.946,263.318,74.693,235.472,194.747,269.377,246.37,91.53,153.695,109.437,173.104,63.072,141.346,251.55,328.683,262.496,264.995,411.013,580.225,1114.68,563.336,460.432,911.566,580.471,944.495,335.493,644.793,459.477,408.732,175.326,246.156,210.405,132.721,211.109,256.242,247.484,174.718,501.798,156.944,393.12,492.442,845.853,726.722,907.043,1108.468,506.819,698.079,1130.111,1207.109,650.183,306.09,262.173,277.065,960.068,569.192,1051.124,823.742,753.478,584.101,1132.163,1273.92,1138.045,756.498,1155.987,1034.838,775.378,502.464,523.608,666.369,847.418,502.746,989.194,441.061,475.871,286.983,326.243
790.132,169.097,464.287,318.962,183.081,214.814,195.207,169.754,155.491,71.049,114.152,92.56,80.004,132.001,119.589,75.836,170.67,205.23,252.238,426.626,643.792,670.166,705.823,544.453,804.197,657.73,596.051,940.584,1265.778,1160.439,1090.059,1097.285,532.823,339.997,758.57,830.094,726.24,668.364,1170.569,494.657,338.062,357.261,417.35,392.153,265.09,305.743,376.463,138.255,215.784,144.023,288.235,261.91,225.79,291.351,291.736,311.685,225.435,162.717,437.975,553.746,469.809,610.628,617.664,634.082,1377.973,658.54,654.603,1081.895,696.589,1145.685,583.529,578.032,569.098,870.287,380.997,385.606,438.993,341.254,409.827,441.273,473.612,444.373,791.713,299.012,502.022,666.034,691.656,893.412,1135.35,1188.043,737.172,936.029,1572.276,968.132,816.871,544.962,450.416,452.699,866.477,607.951,966.289,861.112,844.055,414.258,882.359,1228.009,882.496,569.307,780.646,775.368,647.172,578.433,384.543,560.521,688.195,318.507,617.293,243.175,559.05,876.014,790.132
1185.221,62.269,106.446,97.2,49.375,121.919,56.918,36.492,54.807,28.283,42.886,32.861,17.014,52.276,36.358,25.352,85.3,35.195,91.932,189.864,273.125,393.357,339.728,321.66,447.475,299.979,421.356,861.705,1158.895,683.352,423.123,475.229,199.479,157.346,377.054,674.426,580.998,474.724,726.132,150.71,177.453,175.501,313.025,253.414,132.549,222.13,200.793,70.012,120.016,116.351,140.871,79.511,168.194,141.852,226.441,225.036,149.964,68.286,351.82,329.97,331.058,414.839,375.53,438.775,1070.643,511.193,719.489,965.15,575.358,973.592,696.394,686.385,581.085,964.852,432.934,355.329,477.128,410.808,366.8,530.85,439.456,618.313,842.36,408.421,646.017,1068.157,603.285,984.029,1046.545,1196.087,917.844,1119.395,1419.875,861.791,1239.231,1111.811,1028.714,994.133,693.575,722.77,1054.246,914.126,909.817,426.904,761.634,1428.537,776.233,715.313,628.872,641.915,666.776,885.332,371.727,708.442,732.865,411.436,644.871,213.398,707.857,1167.038,1185.221
1240.824,13.51,70.05,32.673,66.693,53.139,21.294,94.682,24.131,0.0,11.884,1.264,0.0,39.908,29.859,0.0,31.283,4.419,25.469,163.446,154.817,336.375,230.555,108.084,304.546,216.506,349.012,845.236,1122.461,606.038,277.646,170.4,94.125,122.432,453.64,498.085,536.207,626.722,342.345,77.802,62.999,92.569,319.711,232.374,32.448,96.979,131.739,31.444,64.825,177.624,61.08,37.878,131.516,69.662,145.541,266.808,150.048,116.623,226.132,193.311,345.181,324.436,234.465,516.752,833.551,549.818,809.325,901.271,665.537,840.386,821.903,930.541,658.337,1079.646,635.509,495.279,464.939,529.836,481.994,630.753,726.806,835.39,1020.723,653.099,805.96,1470.851,702.224,1063.961,936.675,1480.026,1132.455,1097.815,1168.639,993.38,1652.449,1536.122,1674.485,1212.709,746.699,734.171,1154.268,1145.722,1199.936,695.812,939.267,1659.326,701.316,1058.624,635.423,612.679,797.796,1239.577,575.24,1242.664,897.586,733.144,859.668,468.236,1023.508,1311.521,1240.824
1208.83,70.041,133.092,126.443,134.44,106.963,42.726,113.496,17.825,9.762,14.966,31.358,58.18,147.638,53.8,3.552,51.164,40.05,36.985,166.697,220.502,540.778,197.543,77.881,344.606,140.157,365.216,777.297,880.642,1084.292,615.362,232.7,170.76,132.45,683.436,432.424,518.565,1041.799,384.473,236.748,113.562,145.216,313.54,338.062,64.665,118.822,172.487,63.017,86.678,323.436,49.03,71.422,218.082,96.559,139.784,260.262,188.831,167.29,258.707,230.75,429.3,399.479,303.856,724.622,700.67,561.385,646.293,805.588,656.473,1296.495,873.698,1165.899,725.081,1366.331,717.075,513.865,544.758,672.266,597.608,791.513,975.621,869.754,1007.564,714.485,894.845,1327.479,769.512,923.408,794.288,1521.605,1344.997,854.559,1058.702,1304.876,1485.963,1607.284,1781.382,994.86,900.092,906.027,1177.572,1488.761,1588.548,839.38,1118.45,1959.607,764.715,1257.354,930.865,1051.478,1205.763,964.096,842.856,1354.753,1015.887,1403.103,1083.852,789.888,1129.406,936.001,1208.83
1002.597,69.443,218.427,243.399,290.863,210.567,110.035,146.208,129.702,67.055,95.867,188.204,159.918,310.07,143.246,53.355,92.185,129.382,124.473,260.256,326.304,746.449,384.159,203.255,461.957,224.973,709.201,872.887,782.617,1321.831,1084.407,278.753,324.315,270.828,543.341,463.183,662.481,995.025,447.102,320.665,278.031,243.519,321.37,446.448,190.018,378.087,721.644,100.719,178.222,476.231,259.461,285.966,342.145,268.965,233.191,371.463,240.708,308.957,361.861,340.403,411.609,466.188,584.316,1154.524,506.963,656.276,655.446,789.426,706.549,1851.201,695.776,1618.227,804.479,1594.459,722.373,365.363,573.357,510.696,530.236,879.035,1006.093,773.572,840.559,905.447,925.285,1038.149,873.77,1036.832,815.034,1386.701,1714.962,921.308,813.652,1323.422,1245.829,1076.665,1201.833,881.183,1263.514,685.462,681.444,1414.907,1452.944,693.476,1092.587,1223.963,698.692,897.02,749.331,1148.082,1159.047,446.573,750.931,752.702,489.097,1266.086,820.517,821.622,844.933,503.675,1002.597
353.008,58.129,402.271,189.801,287.366,258.551,148.834,233.445,327.365,76.835,75.452,123.109,126.028,122.602,35.659,38.912,41.823,104.654,158.512,157.227,292.025,613.109,337.943,219.143,374.841,398.18,887.656,867.61,664.79,1106.55,1278.74,354.457,547.385,543.482,710.453,673.927,660.429,665.047,467.111,316.045,405.431,238.007,343.405,656.045,351.733,676.907,907.664,294.478,313.858,581.936,476.08,375.845,378.706,336.249,372.661,429.057,265.543,345.728,405.757,281.312,253.469,400.862,622.783,880.139,414.362,766.036,479.799,673.156,477.879,1446.884,590.433,1512.862,584.638,1028.502,699.928,342.156,475.652,392.677,494.547,998.607,920.549,597.237,660.502,868.648,1071.277,784.923,544.071,763.004,724.815,1063.462,1407.862,1115.507,492.978,1032.764,954.533,425.473,599.628,472.86,912.68,337.141,262.726,983.417,760.844,346.624,553.05,399.181,577.386,257.115,335.907,622.307,616.303,264.513,669.726,262.781,262.801,570.26,343.326,481.864,566.108,228.823,353.008
79.62,145.495,640.669,179.416,170.949,317.603,245.29,178.836,273.469,21.763,53.031,61.004,42.465,30.835,1.671,8.609,7.294,29.692,43.113,50.648,183.112,386.917,161.658,115.084,216.83,327.215,641.999,606.225,690.017,653.566,901.264,221.729,810.977,682.747,869.134,700.606,457.248,482.742,511.036,294.081,405.185,153.521,371.752,710.24,317.622,366.121,612.885,291.767,334.829,421.396,258.633,196.031,216.538,305.755,252.069,377.754,285.724,283.208,303.88,163.741,140.491,308.157,412.974,360.548,361.432,612.116,141.893,333.155,191.603,508.693,268.063,888.598,144.657,408.96,383.012,217.493,222.591,179.363,502.272,851.47,506.104,304.01,437.474,532.892,910.829,575.939,185.31,477.509,342.597,818.711,857.756,792.356,315.194,827.592,835.651,451.666,525.42,189.584,466.31,303.775,246.264,629.218,382.08,110.43,279.629,327.214,677.993,258.483,253.134,295.512,322.486,323.635,446.193,213.639,237.22,264.561,237.318,307.149,245.473,95.361,79.62
42.025,150.436,553.552,66.982,182.452,220.019,145.276,106.045,107.787,21.572,3.931,9.748,6.464,12.61,29.13,10.362,6.268,44.723,21.349,13.153,146.13,524.032,149.444,76.2,196.813,173.763,479.233,414.819,673.89,574.302,568.761,320.129,960.256,645.895,956.599,382.846,263.311,286.784,532.722,207.875,548.284,228.777,370.273,395.947,247.219,238.057,322.04,278.833,303.52,447.296,182.941,79.499,171.782,245.506,293.895,299.47,304.581,253.619,229.207,203.004,158.857,308.465,446.933,560.541,287.455,577.32,55.575,230.726,120.193,237.388,98.848,670.075,190.438,361.697,108.086,240.208,265.863,170.688,507.134,562.791,372.304,232.51,335.782,348.985,818.546,597.782,401.953,491.363,244.08,861.842,816.513,561.203,589.733,777.432,969.34,667.092,836.499,317.969,375.441,481.512,341.92,549.724,409.319,265.697,348.087,420.554,683.768,471.062,534.701,411.598,285.875,407.537,346.716,238.402,234.57,264.293,203.645,278.727,142.225,119.083,42.025
176.109,46.24,281.47,41.078,111.453,95.093,125.009,68.078,26.251,16.331,6.34,43.652,0.56,50.547,231.821,165.752,156.936,243.594,135.93,153.504,381.127,1038.826,415.503,205.736,257.027,91.354,610.005,369.085,520.7,537.96,506.133,523.339,1091.516,508.772,705.765,135.929,435.829,263.027,726.151,185.925,755.459,94.12,214.587,178.771,87.232,111.388,245.527,244.193,171.375,457.966,64.071,89.42,103.301,140.684,349.335,191.546,116.264,108.324,286.037,252.519,109.156,355.078,370.75,616.112,300.83,600.367,63.569,200.115,82.73,325.645,167.775,801.493,643.005,503.818,261.699,471.784,314.868,184.398,362.557,443.449,372.706,470.397,415.509,414.197,755.946,625.344,609.135,469.358,208.587,850.355,822.445,529.617,760.392,910.566,1149.468,831.452,903.068,565.726,612.718,690.463,352.946,737.092,468.729,284.871,279.189,566.247,311.101,526.156,667.281,281.725,215.746,293.969,299.261,382.119,326.156,369.129,280.017,457.38,117.372,515.199,176.109
873.887,43.194,395.071,141.01,204.923,164.006,196.12,160.339,91.515,121.708,128.839,219.688,157.529,183.338,290.434,389.968,226.024,577.954,371.679,346.097,930.896,1485.052,871.437,605.352,305.929,121.753,1098.907,487.33,796.815,541.014,442.713,547.177,863.871,440.733,461.37,193.822,517.504,442.482,825.608,321.909,813.692,97.965,304.394,180.857,18.608,62.659,286.82,294.089,283.62,311.052,59.383,113.448,50.387,139.578,219.251,60.392,213.558,57.648,642.859,236.406,151.22,402.942,302.262,94.435,305.552,696.947,159.379,184.793,63.931,512.877,316.416,947.055,977.184,603.767,508.208,849.257,546.086,229.07,487.459,231.355,257.982,617.031,309.627,419.588,446.5,496.212,400.09,152.311,85.592,809.321,687.44,559.469,715.005,1088.728,1525.814,1170.565,1061.06,1077.264,1021.157,948.18,673.353,1042.102,705.551,471.555,295.83,636.552,268.248,443.24,565.7,278.871,527.665,307.47,485.011,637.791,508.966,646.369,379.155,855.688,380.838,1130.661,873.887
1229.432,179.451,507.832,652.655,620.826,546.282,525.08,501.198,542.488,585.213,553.347,565.502,533.555,609.61,670.652,706.223,521.955,1068.018,710.04,958.632,1446.458,1935.27,1284.202,1392.062,615.918,522.643,1539.715,889.551,1432.22,1056.944,645.625,947.646,796.927,599.046,783.632,240.702,368.423,585.895,899.08,363.951,854.303,329.548,713.649,422.1,254.953,288.686,667.898,536.016,951.622,714.751,430.816,451.949,264.845,480.336,411.863,245.948,316.207,109.458,998.102,436.828,501.712,594.969,301.726,250.437,476.8,1045.96,261.071,318.443,308.179,423.444,382.04,975.804,1180.48,673.212,778.486,1115.066,743.467,450.919,585.321,274.539,461.091,934.158,328.574,625.796,424.485,912.621,763.986,204.087,161.237,1006.799,862.805,622.069,1042.443,1706.86,1764.349,1477.355,1364.847,1531.497,1507.675,1252.303,1213.078,1340.049,1167.972,971.911,894.181,1002.357,967.051,702.006,678.123,797.214,1118.339,706.769,851.053,1377.555,875.09,1242.305,703.162,1470.716,866.949,1247.38,1229.432
764.104,401.981,913.204,1076.583,1113.058,850.217,889.789,889.263,993.763,1085.424,874.294,1003.361,876.192,1029.034,1143.787,1082.148,911.426,1476.788,1282.202,1433.698,1860.203,1987.632,1553.061,1852.573,1094.122,1088.501,1741.495,1535.884,1732.005,1418.253,1107.733,1357.706,1151.711,1107.124,1458.321,629.995,677.4,846.141,1354.381,742.834,1290.716,854.765,1300.628,766.072,702.618,650.626,1120.481,831.48,1612.536,1038.454,780.393,876.493,852.449,935.105,651.833,893.097,741.952,313.624,1392.2,974.748,1106.509,822.644,640.551,877.515,886.518,1474.238,667.197,714.855,736.235,481.966,574.917,877.675,1700.385,1011.564,1254.89,1493.362,1202.179,866.436,824.61,656.227,1005.338,997.531,929.848,893.304,758.516,1249.344,1059.384,633.477,491.668,1098.598,1032.968,682.287,1392.173,1814.469,1410.161,1111.105,1215.9,1618.076,1547.847,1316.886,1632.347,1778.952,1262.565,1343.192,1364.151,1277.152,1325.951,988.043,874.829,1253.338,1168.671,897.857,1347.859,1367.274,805.321,1369.279,815.394,1543.511,818.678,806.572,764.104
225.936,584.668,1080.624,893.842,1026.071,752.794,923.455,775.801,748.11,762.315,987.288,835.666,720.377,871.545,971.421,1047.63,773.51,1567.499,1354.163,1102.092,1637.074,1798.608,1580.279,1928.242,1380.455,1455.791,1475.487,1727.95,1317.353,1526.899,1406.913,1403.333,1478.827,1266.944,1762.235,1030.68,781.829,1028.378,1583.259,1120.859,1511.507,1159.633,1604.99,964.146,921.883,925.047,1170.663,907.737,1817.72,1037.012,1028.9,907.655,1145.5,1208.699,842.342,1312.035,1338.511,736.471,1682.702,1313.651,1151.078,961.978,1039.139,1251.261,1320.329,1607.987,900.709,1146.003,865.09,734.2,824.771,960.659,2296.346,1209.725,1705.874,1774.25,1392.061,1039.372,887.515,826.488,1047.792,725.662,1550.152,745.291,859.96,1150.139,688.899,601.788,452.193,968.937,868.111,603.2,1483.968,740.635,830.507,462.036,609.077,837.202,783.488,750.973,1326.941,1528.083,758.219,929.427,1029.49,1154.796,968.798,728.988,663.959,1109.422,607.8,617.472,1074.216,638.566,481.387,864.324,531.987,932.769,511.435,356.832,225.936
376.272,392.711,925.399,622.613,585.362,550.016,544.444,535.352,494.171,403.92,801.759,539.641,488.623,668.206,496.52,709.447,567.843,1587.944,1262.783,779.713,1450.471,1627.417,1480.285,1771.725,1239.695,1211.399,1169.291,1127.439,1085.135,1324.345,1246.342,1242.878,1311.41,772.125,1067.453,881.913,677.733,918.739,1255.16,989.853,1169.681,824.368,1490.341,666.414,897.216,744.952,762.559,670.931,1325.259,590.304,988.873,638.669,858.06,1180.652,581.096,1187.432,1083.172,672.448,921.17,731.621,802.297,731.795,832.079,896.436,1313.744,1107.664,618.856,1158.419,441.714,383.297,658.654,778.471,1957.552,760.405,1467.98,1205.823,949.809,679.093,647.153,534.391,732.073,367.176,1405.97,445.304,526.365,503.191,198.529,215.248,131.057,617.677,586.482,294.717,1010.786,106.887,221.099,164.779,190.963,398.584,131.922,558.278,611.035,883.568,169.949,747.442,801.848,968.821,442.06,256.465,780.549,488.086,92.056,318.799,253.744,31.887,344.981,529.476,110.075,468.118,415.888,445.905,376.272
617.831,154.486,660.9,350.765,468.687,359.656,379.086,271.834,287.281,265.8,530.766,328.352,257.43,269.435,301.668,314.34,393.428,1180.848,853.562,658.18,1473.472,1524.337,1469.067,1647.041,948.357,754.159,918.231,785.267,796.561,750.126,837.052,862.199,856.976,447.953,567.101,693.725,509.862,703.418,982.706,1023.043,531.828,537.218,1417.395,473.772,757.343,415.281,428.905,385.794,779.051,283.936,554.377,329.92,611.151,905.287,294.459,630.478,507.222,474.831,255.799,276.354,702.692,343.924,440.303,641.722,707.008,468.22,167.413,832.269,166.748,108.176,306.843,361.235,996.196,290.04,724.159,531.214,653.178,445.991,458.903,203.677,599.669,215.86,980.839,224.881,316.841,213.726,111.15,94.537,95.265,672.588,402.403,87.752,980.521,249.022,144.413,183.581,351.42,514.995,148.254,740.795,783.814,926.167,332.772,1264.712,593.099,777.332,281.909,278.228,1259.764,436.09,295.832,470.447,205.952,169.925,591.355,722.844,181.527,789.862,839.503,877.492,617.831
631.675,69.512,486.848,421.003,562.326,276.725,490.163,286.097,486.876,318.38,332.67,407.95,390.823,279.021,348.889,411.786,465.016,908.583,524.517,516.118,1209.374,1033.268,1388.959,1497.334,805.972,639.498,647.221,504.212,504.491,266.335,613.966,373.473,412.786,289.704,179.256,429.777,288.355,686.842,678.484,1030.816,281.237,256.904,1117.098,259.294,420.552,124.564,274.999,201.451,496.067,173.1,195.577,233.369,627.72,249.0,174.152,245.542,240.562,367.448,112.693,77.048,774.35,74.206,213.312,302.022,137.688,256.613,78.267,987.088,194.161,4.159,109.208,203.489,528.184,47.437,311.049,612.903,753.74,343.884,707.973,124.569,733.56,305.988,815.355,211.783,308.9,218.24,255.061,132.109,294.002,838.494,595.991,155.467,1114.184,657.882,307.493,388.93,717.219,893.315,402.43,947.611,1156.907,1217.597,756.489,1721.48,575.632,956.84,485.278,802.992,1619.938,647.046,819.004,822.271,676.216,490.153,831.612,982.292,472.487,931.126,877.109,904.081,631.675
1069.305,202.027,915.813,911.758,913.347,649.699,876.508,786.384,945.98,840.497,831.74,838.923,906.069,715.172,698.577,948.083,1090.722,1346.971,934.633,877.768,1207.335,997.115,1400.143,1520.679,1051.103,694.913,743.663,463.656,624.891,395.715,714.343,622.721,477.663,855.429,348.485,858.233,655.336,1279.265,753.806,987.644,395.197,637.909,1121.983,463.836,589.018,225.187,196.394,75.518,633.367,428.577,356.319,572.845,777.426,357.171,362.049,430.544,323.097,646.008,245.067,253.968,933.301,157.967,530.576,340.509,310.728,304.877,227.661,1101.593,213.504,154.969,260.254,289.165,551.484,258.876,351.76,1103.641,813.251,602.764,1002.04,297.17,1002.003,863.341,829.952,411.99,588.849,478.316,512.983,452.706,501.263,1064.868,1095.513,454.919,1188.206,1166.116,922.352,879.545,1312.61,1292.315,848.51,1412.905,1458.061,1608.385,1108.837,1889.733,1025.648,1506.637,1240.429,1243.453,2028.925,962.363,1420.582,1118.089,1198.024,674.836,1001.725,1171.624,528.765,954.158,867.261,1015.813,1069.305
1532.226,517.064,1156.144,985.548,1017.774,888.562,1012.349,945.13,1032.527,812.896,1074.672,1030.893,1022.996,1015.675,900.754,1059.564,1449.424,1590.76,1471.557,1292.622,1128.426,1377.9,1622.043,1383.897,1129.491,928.859,791.003,564.45,723.617,640.798,886.04,1161.618,702.288,1641.462,969.445,1255.106,1487.466,1783.085,1039.47,1038.606,656.788,1092.273,1272.529,960.754,1113.67,628.139,451.414,356.493,999.654,1171.509,808.039,909.834,1012.222,814.502,644.401,848.2,460.532,682.365,607.8,592.235,962.567,309.609,728.429,464.267,481.094,462.828,338.753,1050.851,324.182,339.716,433.318,442.476,555.312,402.384,474.728,1330.922,752.836,1019.62,1184.059,508.044,1073.324,1496.792,984.066,590.631,971.476,706.721,515.408,834.382,907.744,1536.173,1504.564,888.087,1439.263,1679.82,1411.803,1381.448,1919.083,1643.475,1330.607,1748.279,1655.254,1578.377,1501.783,2062.105,1354.25,1865.3,1940.798,1614.427,2299.621,1664.203,2066.807,1567.519,1749.674,1010.827,1339.584,1616.049,910.624,1185.571,1342.174,1345.175,1532.226
1751.739,289.854,885.149,664.528,699.28,681.878,863.789,698.913,698.87,582.204,812.442,710.466,699.943,788.502,821.725,695.995,1042.183,1265.857,1487.447,1093.614,949.949,1273.493,1432.618,1199.74,860.582,999.963,736.273,542.364,696.922,688.608,891.355,1049.343,770.185,1693.378,1337.634,1316.549,1709.506,1598.866,1117.459,1007.899,835.076,1349.94,1292.939,1121.101,1326.385,1131.632,653.423,559.96,1033.723,1577.771,889.417,1313.963,1093.334,1127.507,652.188,1093.857,386.396,792.93,784.663,681.942,811.463,496.426,690.568,443.651,437.526,441.071,303.179,767.807,288.176,344.868,330.991,317.535,380.847,336.266,521.79,1414.33,545.703,991.253,1327.761,705.74,1089.198,1565.464,827.056,636.11,890.033,661.074,280.643,827.13,857.09,1811.443,1812.673,951.596,1397.134,1615.608,1159.098,1273.316,1721.315,1688.422,1302.25,1672.539,1458.308,1412.138,1735.792,1975.474,1253.745,1954.653,1989.324,1833.079,2034.433,1946.502,2213.0,1969.615,2074.397,1345.688,1749.722,2085.48,1486.362,1573.415,1997.496,1676.081,1751.739
1707.778,68.381,442.341,369.689,367.199,404.308,519.212,383.898,406.641,408.869,388.583,330.69,205.427,346.874,417.318,318.192,512.472,886.09,1080.749,677.021,582.973,933.116,893.15,802.336,469.364,695.224,553.807,280.617,550.733,695.294,689.048,639.056,464.152,1232.934,1080.614,990.02,1214.744,977.265,708.366,776.732,451.666,993.611,782.217,631.15,915.305,996.975,406.734,406.106,637.447,1168.642,536.495,1011.572,787.091,817.725,339.633,712.271,212.813,601.917,538.472,342.033,513.486,226.669,396.614,175.121,255.005,324.495,175.649,284.065,90.227,154.956,72.863,96.643,216.971,152.894,314.777,962.84,274.467,586.635,875.307,491.463,849.137,1189.574,435.01,507.674,737.037,378.735,139.724,400.999,451.193,1325.933,1281.067,580.791,763.16,1079.229,821.36,1038.366,1208.264,1410.196,962.476,1375.158,1235.602,1227.585,1776.674,1671.935,1220.973,2083.562,2037.484,1760.339,1941.49,1920.771,2062.027,1746.497,2001.209,1712.809,1980.018,2278.263,1824.352,2006.349,2261.787,1580.685,1707.778
